date,device,clicks,impressions,ctr,position
2026-09-14,DESKTOP,1,3,0.3333333333333333,28
2026-09-14,MOBILE,0,1,0,4
2026-09-15,DESKTOP,0,1,0,72
2026-09-16,DESKTOP,0,3,0,40.666666666666664
2026-09-17,DESKTOP,0,2,0,26.5
2026-09-18,DESKTOP,0,2,0,1.5
2026-09-19,DESKTOP,0,2,0,1
2026-09-20,DESKTOP,0,1,0,30
2026-09-21,DESKTOP,1,16,0.0625,9.875
2026-09-21,MOBILE,5,10,0.5,7.5
2026-09-22,DESKTOP,2,48,0.041666666666666664,14.979166666666666
2026-09-22,MOBILE,3,28,0.10714285714285714,11.285714285714286
2026-09-23,DESKTOP,4,29,0.13793103448275862,16.137931034482758
2026-09-23,MOBILE,3,30,0.1,6.4
2026-09-23,TABLET,0,1,0,2
2026-09-24,DESKTOP,1,61,0.01639344262295082,18.34426229508197
2026-09-24,MOBILE,7,38,0.18421052631578946,9.236842105263158
2026-09-24,TABLET,0,2,0,53.5
2026-09-25,DESKTOP,1,114,0.008771929824561403,9.903508771929825
2026-09-25,MOBILE,5,27,0.18518518518518517,12.222222222222221
2026-09-25,TABLET,0,3,0,6
2026-09-26,DESKTOP,0,115,0,7.573913043478261
2026-09-26,MOBILE,1,27,0.037037037037037035,12.222222222222221
2026-09-27,DESKTOP,0,89,0,9.03370786516854
2026-09-27,MOBILE,3,21,0.14285714285714285,10.095238095238095
2026-09-27,TABLET,0,1,0,36
2026-09-28,DESKTOP,2,72,0.027777777777777776,14.61111111111111
2026-09-28,MOBILE,2,23,0.08695652173913043,13.782608695652174
2026-09-29,DESKTOP,1,49,0.02040816326530612,20.489795918367346
2026-09-29,MOBILE,6,57,0.10526315789473684,11.333333333333334
2026-09-29,TABLET,0,2,0,17
2026-09-30,DESKTOP,1,67,0.014925373134328358,15.955223880597014
2026-09-30,MOBILE,3,47,0.06382978723404255,13.170212765957446
2026-09-30,TABLET,0,2,0,24.5
2026-10-01,DESKTOP,0,29,0,27.310344827586206
2026-10-01,MOBILE,3,24,0.125,13.208333333333334
2026-10-01,TABLET,0,3,0,7.333333333333333
2026-10-02,DESKTOP,1,56,0.017857142857142856,28.428571428571427
2026-10-02,MOBILE,1,35,0.02857142857142857,11.685714285714285
2026-10-02,TABLET,0,3,0,14
2026-10-03,DESKTOP,0,47,0,36.51063829787234
2026-10-03,MOBILE,1,30,0.03333333333333333,14.133333333333333
2026-10-04,DESKTOP,1,50,0.02,34.34
2026-10-04,MOBILE,2,26,0.07692307692307693,16.692307692307693
2026-10-04,TABLET,0,2,0,31
