date,page,clicks,impressions,ctr,position
2026-09-14,https://sondax.fr/,0,2,0,7
2026-09-14,https://www.sondax.fr/,1,2,0.5,37
2026-09-15,https://www.sondax.fr/,0,1,0,72
2026-09-16,https://sondax.fr/,0,3,0,40.666666666666664
2026-09-17,https://sondax.fr/,0,1,0,48
2026-09-17,https://www.sondax.fr/,0,1,0,5
2026-09-18,https://sondax.fr/,0,2,0,1.5
2026-09-19,https://sondax.fr/,0,2,0,1
2026-09-20,https://sondax.fr/,0,1,0,30
2026-09-21,https://sondax.fr/,4,17,0.23529411764705882,9.882352941176471
2026-09-21,https://sondax.fr/attal.html,1,3,0.3333333333333333,4.666666666666666
2026-09-21,https://sondax.fr/glucksmann.html,1,2,0.5,8.5
2026-09-21,https://sondax.fr/philippe.html,0,4,0,8.5
2026-09-22,https://sondax.fr/,4,38,0.10526315789473684,10.473684210526315
2026-09-22,https://sondax.fr/attal.html,0,2,0,10
2026-09-22,https://sondax.fr/glucksmann.html,0,10,0,11.1
2026-09-22,https://sondax.fr/melenchon.html,1,11,0.09090909090909091,25.272727272727273
2026-09-22,https://sondax.fr/philippe.html,0,5,0,11.6
2026-09-22,https://sondax.fr/retailleau.html,0,9,0,7.888888888888889
2026-09-22,https://sondax.fr/sondages.html,0,1,0,99
2026-09-23,https://sondax.fr/,0,11,0,12.181818181818182
2026-09-23,https://sondax.fr/attal.html,2,7,0.2857142857142857,4.714285714285714
2026-09-23,https://sondax.fr/glucksmann.html,2,20,0.1,7.35
2026-09-23,https://sondax.fr/le-pen.html,1,5,0.2,49.4
2026-09-23,https://sondax.fr/melenchon.html,0,1,0,6
2026-09-23,https://sondax.fr/philippe.html,0,2,0,12.5
2026-09-23,https://sondax.fr/retailleau.html,2,14,0.14285714285714285,5.928571428571429
2026-09-23,https://sondax.fr/second-tour/,0,1,0,8
2026-09-23,https://sondax.fr/sondages.html,0,3,0,26.333333333333332
2026-09-24,https://sondax.fr/,6,34,0.17647058823529413,8.382352941176471
2026-09-24,https://sondax.fr/attal.html,0,4,0,33.25
2026-09-24,https://sondax.fr/glucksmann.html,0,21,0,10.714285714285714
2026-09-24,https://sondax.fr/instituts.html,0,1,0,148
2026-09-24,https://sondax.fr/melenchon.html,0,6,0,37
2026-09-24,https://sondax.fr/philippe.html,2,12,0.16666666666666666,14.25
2026-09-24,https://sondax.fr/precedentes-elections.html,0,1,0,27
2026-09-24,https://sondax.fr/retailleau.html,0,6,0,17.333333333333332
2026-09-24,https://sondax.fr/second-tour/,0,5,0,3.8
2026-09-24,https://sondax.fr/sondages.html,0,13,0,23.076923076923077
2026-09-24,https://sondax.fr/sondages/opinionway-2026-09-10.html,0,2,0,7
2026-09-24,https://www.sondax.fr/,0,1,0,9
2026-09-25,https://sondax.fr/,2,101,0.019801980198019802,3.742574257425743
2026-09-25,https://sondax.fr/attal.html,0,2,0,9.5
2026-09-25,https://sondax.fr/donnees.html,2,13,0.15384615384615385,17.923076923076923
2026-09-25,https://sondax.fr/glucksmann.html,1,6,0.16666666666666666,8.833333333333332
2026-09-25,https://sondax.fr/instituts.html,1,8,0.125,24.25
2026-09-25,https://sondax.fr/le-pen.html,0,4,0,76.5
2026-09-25,https://sondax.fr/philippe.html,0,4,0,22.75
2026-09-25,https://sondax.fr/retailleau.html,0,2,0,5.5
2026-09-25,https://sondax.fr/sondages.html,0,4,0,46.25
2026-09-25,https://sondax.fr/sondages/opinionway-2026-09-10.html,0,1,0,10
2026-09-26,https://sondax.fr/,0,103,0,4.388349514563107
2026-09-26,https://sondax.fr/attal.html,0,1,0,7
2026-09-26,https://sondax.fr/donnees.html,0,10,0,9.8
2026-09-26,https://sondax.fr/glucksmann.html,0,4,0,12.5
2026-09-26,https://sondax.fr/instituts.html,1,8,0.125,16.75
2026-09-26,https://sondax.fr/melenchon.html,0,2,0,17.5
2026-09-26,https://sondax.fr/philippe.html,0,4,0,37.25
2026-09-26,https://sondax.fr/precedentes-elections.html,0,2,0,40.5
2026-09-26,https://sondax.fr/retailleau.html,0,3,0,5
2026-09-26,https://sondax.fr/sondages.html,0,5,0,36
2026-09-26,https://sondax.fr/sondages/opinionway-2026-09-10.html,0,1,0,2
2026-09-27,https://sondax.fr/,0,72,0,3.6944444444444446
2026-09-27,https://sondax.fr/attal.html,0,1,0,10
2026-09-27,https://sondax.fr/glucksmann.html,2,6,0.3333333333333333,6.166666666666667
2026-09-27,https://sondax.fr/instituts.html,1,6,0.16666666666666666,23.166666666666668
2026-09-27,https://sondax.fr/melenchon.html,0,2,0,17.5
2026-09-27,https://sondax.fr/philippe.html,0,8,0,26
2026-09-27,https://sondax.fr/retailleau.html,0,5,0,9.4
2026-09-27,https://sondax.fr/sondages.html,0,11,0,28.181818181818183
2026-09-28,https://sondax.fr/,2,41,0.04878048780487805,2.902439024390244
2026-09-28,https://sondax.fr/attal.html,1,3,0.3333333333333333,8.666666666666668
2026-09-28,https://sondax.fr/donnees.html,0,3,0,4
2026-09-28,https://sondax.fr/glucksmann.html,0,5,0,8
2026-09-28,https://sondax.fr/instituts.html,1,12,0.08333333333333333,20.333333333333332
2026-09-28,https://sondax.fr/le-pen.html,0,5,0,62.2
2026-09-28,https://sondax.fr/melenchon.html,0,1,0,71
2026-09-28,https://sondax.fr/philippe.html,0,8,0,11.875
2026-09-28,https://sondax.fr/retailleau.html,0,4,0,13.5
2026-09-28,https://sondax.fr/second-tour/,0,2,0,5.5
2026-09-28,https://sondax.fr/sondages.html,0,17,0,24.764705882352942
2026-09-28,https://sondax.fr/sondages/opinionway-2026-09-10.html,0,1,0,8
2026-09-29,https://sondax.fr/,2,14,0.14285714285714285,10.142857142857142
2026-09-29,https://sondax.fr/attal.html,0,3,0,8
2026-09-29,https://sondax.fr/donnees.html,0,25,0,8.96
2026-09-29,https://sondax.fr/glucksmann.html,1,14,0.07142857142857142,7.928571428571429
2026-09-29,https://sondax.fr/instituts.html,0,16,0,28
2026-09-29,https://sondax.fr/melenchon.html,0,1,0,40
2026-09-29,https://sondax.fr/philippe.html,4,13,0.3076923076923077,8.923076923076923
2026-09-29,https://sondax.fr/retailleau.html,0,3,0,17.333333333333332
2026-09-29,https://sondax.fr/sondages.html,0,19,0,27.210526315789473
2026-09-29,https://sondax.fr/sondages/opinionway-2026-09-10.html,0,3,0,8.333333333333332
