date,query,clicks,impressions,ctr,position
2026-09-14,sondage 37,0,1,0,73
2026-09-15,sondage 37,0,1,0,72
2026-09-16,sondage,0,1,0,50
2026-09-16,sondage 37,0,2,0,36
2026-09-20,1001 sondages,0,1,0,30
2026-09-21,dernier sondage presidentielles,0,1,0,4
2026-09-21,dernier sondage présidentielle 2027,0,1,0,6
2026-09-21,intentions de vote 2027,0,1,0,7
2026-09-21,raphaël glucksmann intention de vote,1,1,1,1
2026-09-21,resultat presidentielle 2027 dax,0,1,0,10
2026-09-21,sondage 86,0,1,0,57
2026-09-21,sondage glucksmann,0,1,0,16
2026-09-21,sondage ifop présidentielle 2027,1,1,1,3
2026-09-21,sondage présidentielle 2027,2,5,0.4,8.2
2026-09-21,sondages 2027,1,2,0.5,7
2026-09-21,sondages opinion présidentielle 2027,0,1,0,8
2026-09-22,attal sondages,0,1,0,14
2026-09-22,dernier sondage présidentielle 2027,0,2,0,5.5
2026-09-22,edouard philippe sondage 2027,0,1,0,15
2026-09-22,election sondage,0,1,0,54
2026-09-22,glucksman sondages,0,1,0,24
2026-09-22,glucksmann sondages,0,1,0,18
2026-09-22,instituts sondages,0,1,0,99
2026-09-22,intention de vote glucksmann,0,2,0,9
2026-09-22,jean-luc mélenchon intentions de vote présidentielle 2027 sondage septembre 2026,0,1,0,5
2026-09-22,le pen sondage 2027,0,2,0,6
2026-09-22,mélenchon sondage,0,6,0,41.666666666666664
2026-09-22,présidentielle 2027 sondage,0,2,0,5.5
2026-09-22,raphaël glucksmann intention de vote,0,2,0,7.5
2026-09-22,resultat presidentielle 2027 dax,0,1,0,10
2026-09-22,sondage 2027 wikipedia,0,1,0,3
2026-09-22,sondage mélenchon,0,2,0,7
2026-09-22,sondage politique,0,1,0,42
2026-09-22,sondage presidentielle 2027 wikipedia,0,1,0,2
2026-09-22,sondage présidentielle,1,2,0.5,7
2026-09-22,sondage présidentielle 2027,1,8,0.125,8.375
2026-09-22,sondage présidentielle 2027 premier tour,0,1,0,10
2026-09-22,sondage présidentielle 2027 second tour,0,1,0,10
2026-09-22,sondage présidentielle 2027 second tour wikipédia,0,1,0,13
2026-09-22,sondage retailleau,0,1,0,21
2026-09-22,sondages,0,1,0,44
2026-09-22,sondages glucksman,0,1,0,10
2026-09-22,sondages opinion présidentielle 2027,0,1,0,7
2026-09-22,sondages élections,0,1,0,54
2026-09-22,sondax,2,2,1,2
2026-09-22,édouard philippe sondage,0,1,0,10
2026-09-23,glucksmann intention de vote,0,1,0,7
2026-09-23,intention de vote gabriel attal,0,1,0,9
2026-09-23,intention de vote glucksmann,0,1,0,10
2026-09-23,intention de vote raphael glucksmann,0,2,0,7.5
2026-09-23,intentions de vote glucksmann,0,1,0,10
2026-09-23,raphaël glucksmann intention de vote,0,1,0,8
2026-09-23,retailleau sondage 2027,0,1,0,30
2026-09-23,sondage 2027 wikipedia,0,1,0,4
2026-09-23,sondage marine le pen,0,2,0,68
2026-09-23,sondage marine le pen aujourd hui,0,1,0,56
2026-09-23,sondage marine le pen aujourd'hui,0,1,0,54
2026-09-23,sondage ovix,0,3,0,6
2026-09-23,sondage presidentielle 27,0,1,0,4
2026-09-23,sondage présidentielle 2027 second tour,0,1,0,6
2026-09-23,sondage présidentielle 2027 second tour wikipédia,0,1,0,18
2026-09-24,%sondage présidentielle 2027 second tour le pen philippe mélenchon septembre 2026,0,1,0,5
2026-09-24,%sondage présidentielle 2027 second tour marine le pen édouard philippe septembre 2026,0,1,0,6
2026-09-24,+sondage présidentielle 2027 second tour marine le pen édouard philippe septembre 2026,0,1,0,6
2026-09-24,election presidentielle 2027 sondages,0,1,0,31
2026-09-24,gabriel attal sondage,0,1,0,58
2026-09-24,glucksmann intention de vote,0,1,0,7
2026-09-24,intention de vote glucksmann,0,1,0,10
2026-09-24,intentions de vote edouard philippe,0,1,0,35
2026-09-24,intentions de vote glucksmann,0,2,0,9
2026-09-24,melenchon sondages,0,1,0,60
2026-09-24,mélenchon- sondage,0,1,0,67
2026-09-24,presidentielles 2027 sondages,0,1,0,19
2026-09-24,présidentielle 2027 sondage septembre 2026 ifop elabe ipsos harris,0,1,0,7
2026-09-24,raphaël glucksmann sondage,0,1,0,20
2026-09-24,resultat presidentielle 2027 dax,0,1,0,8
2026-09-24,sondage 2027,0,4,0,44.5
2026-09-24,sondage 86,0,1,0,20
2026-09-24,sondage attal,0,1,0,62
2026-09-24,sondage election,0,1,0,58
2026-09-24,sondage glucksmann,0,1,0,19
2026-09-24,sondage melenchon,0,2,0,34.5
2026-09-24,sondage ovix,0,1,0,8
2026-09-24,sondage présidentielle 2027,1,1,1,30
2026-09-24,sondage présidentielle 2027 glucksmann,0,1,0,44
2026-09-24,sondage présidentielle 2027 retailleau,0,3,0,27
2026-09-24,sondage présidentielle 2027 second tour,0,1,0,4
2026-09-24,sondage présidentielle 2027 édouard philippe,0,2,0,39
2026-09-24,sondax,4,4,1,2
2026-09-25,%présidentielle 2027 sondage second tour bardella philippe septembre 2026,0,1,0,4
2026-09-25,%présidentielle 2027 sondage second tour le pen philippe 2026,0,1,0,6
2026-09-25,%sondage présidentielle 2027 le pen philippe second tour septembre 2026,0,1,0,3
2026-09-25,+jean-luc mélenchon présidentielle 2027 sondages candidature 2026,0,1,0,3
2026-09-25,+présidentielle 2027 sondage second tour bardella philippe septembre 2026,0,1,0,3
2026-09-25,+sondage présidentielle 2027 second tour marine le pen mélenchon septembre 2026,0,1,0,7
2026-09-25,+sondage second tour présidentielle 2027 le pen philippe mélenchon septembre 2026,0,1,0,9
2026-09-25,cote popularité edouard philippe,0,1,0,23
2026-09-25,institut de sondage,0,2,0,49
2026-09-25,le pen sondage,0,2,0,78
2026-09-25,liste institut de sondage,0,2,0,87
2026-09-25,odoxa,0,1,0,39
2026-09-25,sondage présidentielle 2027,1,1,1,26
2026-09-25,sondage présidentielle 2027 second tour,0,1,0,3
2026-09-25,sondage présidentielle 2027 second tour wikipédia,0,7,0,8.714285714285715
2026-09-25,sondage présidentielle 2027 wikipédia,1,1,1,1
2026-09-25,sondage présidentielle 2027 édouard philippe,0,1,0,42
2026-09-25,sondage toluna harris interactive,0,1,0,4
2026-09-25,sondages 2027,0,3,0,11.666666666666666
2026-09-25,sondages marine le pen,0,1,0,66
2026-09-25,sondax,2,2,1,2
2026-09-26,%france présidentielle 2027 candidats sondages septembre 2026,0,1,0,1
2026-09-26,+présidentielle 2027 sondage septembre 2026 bardella le pen philippe mélenchon,0,1,0,3
2026-09-26,+présidentielle 2027 sondage septembre 2026 intentions vote premier tour,0,1,0,2
2026-09-26,+sondage second tour présidentielle 2027 le pen philippe mélenchon septembre 2026,0,1,0,10
2026-09-26,derniers sondages,0,1,0,71
2026-09-26,glucksmann intention de vote,0,1,0,9
2026-09-26,institut de sondage,0,1,0,46
2026-09-26,jean luc melenchon sondage,0,1,0,56
2026-09-26,mélenchon sondages,0,1,0,30
2026-09-26,sondage 2027,0,1,0,38
2026-09-26,sondage glucksmann,0,1,0,24
2026-09-26,sondage presidentielle 2027,0,1,0,14
2026-09-26,sondage présidentielle,0,1,0,26
2026-09-26,sondage présidentielle 2027,0,1,0,56
2026-09-26,sondage présidentielle 2027 ifop zemmour,0,1,0,1
2026-09-26,sondage présidentielle 2027 second tour wikipédia,0,8,0,9.875
2026-09-26,sondage présidentielle 2027 édouard philippe,0,2,0,28.5
2026-09-26,sondages philippe,0,2,0,46
2026-09-26,sondages présidentielle 2027,0,1,0,55
2026-09-26,sondages présidentielles 2002,0,1,0,35
2026-09-26,sondages présidentielles 2027,0,1,0,30
2026-09-27,%présidentielle 2027 sondage marine le pen édouard philippe mélenchon septembre 2026,0,1,0,7
2026-09-27,%présidentielle 2027 sondage second tour marine le pen édouard philippe septembre 2026,0,1,0,6
2026-09-27,%présidentielle 2027 sondage second tour marine le pen mélenchon septembre 2026,0,1,0,9
2026-09-27,+dernier sondage présidentielle france 2027 septembre 2026 intentions de vote,0,1,0,2
2026-09-27,+présidentielle 2027 sondage second tour marine le pen édouard philippe septembre 2026,0,1,0,8
2026-09-27,+présidentielle 2027 sondage second tour marine le pen mélenchon septembre 2026,0,1,0,9
2026-09-27,1001 sondage,0,1,0,45
2026-09-27,bruno retailleau sondage 2027,0,1,0,14
2026-09-27,dernier sondage présidentielle 2027,0,1,0,1
2026-09-27,institut de sondage,0,2,0,57.5
2026-09-27,présidentielles 2027 sondages,0,1,0,14
2026-09-27,sondage 2027,0,1,0,15
2026-09-27,sondage presidentielle 2027,0,1,0,19
2026-09-27,sondage présidentielle 2027 septembre 2026,0,1,0,2
2026-09-27,sondage présidentielle 2027,0,3,0,36.333333333333336
2026-09-27,sondage présidentielle 2027 second tour wikipédia,0,2,0,17.5
2026-09-27,sondage présidentielle 2027 édouard philippe,0,4,0,42.5
2026-09-27,sondage élection présidentielle,0,1,0,48
2026-09-27,sondages bruno retailleau,0,1,0,10
2026-09-27,sondages présidentielle 2027,0,1,0,19
2026-09-27,sondages présidentielles 2027,0,1,0,31
2026-09-28,+dernier sondage présidentielle 2027 france septembre 2026 intentions de vote,0,1,0,2
2026-09-28,dernier sondage présidentielle 2027,0,1,0,4
2026-09-28,elections 2027 sondages,0,1,0,10
2026-09-28,institut de sondage,0,4,0,54
2026-09-28,intention de vote attal,0,1,0,12
2026-09-28,marine le pen sondage,0,1,0,77
2026-09-28,mélanchon sondage,0,1,0,71
2026-09-28,présidentielle 2027 france sondage second tour septembre 2026,0,1,0,2
2026-09-28,présidentielles 2027 sondages,0,1,0,34
2026-09-28,resultat presidentielle 2027 dax,0,1,0,9
2026-09-28,sondage 2027,0,1,0,37
2026-09-28,sondage harris présidentielle 2027,0,1,0,3
2026-09-28,sondage le pen,0,3,0,71.66666666666667
2026-09-28,sondage présidentielle 2027 france septembre 2026 second tour le pen philippe mélenchon,0,1,0,1
2026-09-28,sondage présidentielle 2027 france septembre 2026,0,1,0,2
2026-09-28,sondage présidentielle 2027 retailleau,0,1,0,33
2026-09-28,sondage présidentielle 2027 second tour wikipédia,0,2,0,11.5
2026-09-28,sondage présidentielle 2027 édouard philippe,0,1,0,41
2026-09-28,sondages 2027,0,1,0,34
2026-09-28,sondages presidentielles 2027,0,1,0,32
2026-09-28,sondages présidentielle française 2027 septembre 2026,0,1,0,1
2026-09-28,sondages présidentielle 2027,0,1,0,13
2026-09-28,sondages présidentielle 2027 france septembre 2026,0,2,0,1
2026-09-28,sondages présidentielles 2027,0,8,0,29.5
2026-09-28,sondages présidentielles 2027 second tour,0,2,0,8
2026-09-29,dernier sondages,0,1,0,36
2026-09-29,edouard philippe intention de vote,1,2,0.5,8
2026-09-29,edouard philippe sondage,0,1,0,9
2026-09-29,edouard philippe sondages,1,2,0.5,8
2026-09-29,elections presidentielles 2027 sondages,0,1,0,23
2026-09-29,institut de sondage,0,5,0,56
2026-09-29,institut de sondage en france,0,1,0,69
2026-09-29,institut sondage,0,1,0,53
2026-09-29,intention de vote edouard philippe,0,2,0,8
2026-09-29,mélenchon sondage,0,1,0,40
2026-09-29,sondage 2027,0,2,0,16.5
2026-09-29,sondage philippe,0,1,0,16
2026-09-29,sondage presidentielle 2027,0,1,0,36
2026-09-29,sondage présidentielle 2027,0,3,0,37.666666666666664
2026-09-29,sondage présidentielle 2027 second tour odoxa,0,1,0,69
2026-09-29,sondage présidentielle 2027 second tour wiki,0,3,0,8.333333333333332
2026-09-29,sondage présidentielle 2027 second tour wikipédia,0,20,0,10.45
2026-09-29,sondage présidentielle 2027 second tour édouard philippe,1,1,1,10
2026-09-29,sondage présidentielle 2027 wikipedia,0,1,0,2
2026-09-29,sondage présidentielle 2027 édouard philippe,0,1,0,13
2026-09-29,sondage retailleau,0,1,0,34
2026-09-29,sondages 2027,0,2,0,25
2026-09-29,sondages edouard philippe,0,1,0,13
2026-09-29,sondages présidentielle 2027,0,1,0,40
2026-09-29,sondages présidentielle 2027 france septembre 2026,0,1,0,3
2026-09-29,sondages présidentielles 2027,0,8,0,24.375
2026-09-29,sondax,2,2,1,2
2026-09-30,dernier sondage présidentielle 2027,0,1,0,7
2026-09-30,edouard philippe intention de vote,0,3,0,7.333333333333333
2026-09-30,glucksmann intention de vote,0,1,0,9
2026-09-30,institut de sondage,0,3,0,50.666666666666664
2026-09-30,intention de vote edouard philippe,0,2,0,10
2026-09-30,intention de vote glucksmann,0,1,0,9
2026-09-30,sondage 2027,0,3,0,32
2026-09-30,sondage edouard philippe,0,6,0,10.5
2026-09-30,sondage election 2027,0,1,0,31
2026-09-30,sondage gabriel attal,0,1,0,42
2026-09-30,sondage marine le pen,0,1,0,86
2026-09-30,sondage philippe,0,1,0,6
2026-09-30,sondage presidentielle 2027,0,1,0,17
2026-09-30,sondage presidentielles 2027,0,1,0,36
2026-09-30,sondage présidentiel 2027,0,2,0,47.5
2026-09-30,sondage présidentielle 2027,0,5,0,26.6
2026-09-30,sondage présidentielle 2027 septembre 2026,0,1,0,1
2026-09-30,sondage présidentielle 2027 édouard philippe,0,2,0,39.5
2026-09-30,sondage présidentielle edouard philippe,0,1,0,10
2026-09-30,sondages 2027,0,3,0,10
2026-09-30,sondages edouard philippe,0,1,0,10
2026-09-30,sondages philippe,0,1,0,9
2026-09-30,sondages présidentielle 2027,0,4,0,34
2026-09-30,sondages présidentielle 2027 france septembre 2026,0,1,0,4
2026-09-30,sondages présidentielles 2007,0,1,0,66
2026-09-30,sondages présidentielles 2027,1,8,0.125,18.375
2026-10-01,dernier sondage présidentielle 2027 ifop,0,1,0,2
2026-10-01,derniers sondages présidentielles 2027,0,2,0,30
2026-10-01,edouard philippe intention de vote,0,3,0,10
2026-10-01,edouard philippe sondage,0,1,0,19
2026-10-01,election presidentielle 2027 sondages,0,2,0,32.5
2026-10-01,institut de sondage,0,2,0,52.5
2026-10-01,institut de sondage france,0,2,0,70.5
2026-10-01,institut de sondages,0,1,0,48
2026-10-01,liste institut de sondage,0,1,0,64
2026-10-01,organisme de sondage,0,1,0,46
2026-10-01,presidentielle 2027 sondage,0,1,0,9
2026-10-01,presidentielles 2027 sondages,0,1,0,10
2026-10-01,présidentielle 2027 sondage,0,1,0,20
2026-10-01,sondage 2027,0,1,0,14
2026-10-01,sondage institut,0,1,0,63
2026-10-01,sondage melenchon,0,1,0,46
2026-10-01,sondage présidentielle 2027 édouard philippe,0,2,0,39
2026-10-01,sondage présidentielles 2027,0,1,0,36
2026-10-01,sondages 2027,0,2,0,12.5
2026-10-01,sondages présidentielles 2027,0,2,0,27.5
2026-10-01,sondax,1,2,0.5,1.5
2026-10-02,dernier sondage aujourd'hui,0,1,0,7
2026-10-02,dernier sondage présidentielle 2027,0,1,0,11
2026-10-02,derniers sondages presidentielle,0,3,0,22
2026-10-02,derniers sondages présidentielles 2027,0,1,0,13
2026-10-02,institut de sondage,0,2,0,65
2026-10-02,le pen sondage,0,3,0,82.66666666666667
2026-10-02,le pen sondages,0,1,0,88
2026-10-02,presidentielle 2027 sondages,0,1,0,15
2026-10-02,sondage,0,1,0,10
2026-10-02,sondage 2027,0,4,0,17
2026-10-02,sondage 37,0,1,0,69
2026-10-02,sondage 86,0,1,0,45
2026-10-02,sondage edouard philippe,0,1,0,18
2026-10-02,sondage odoxa présidentielle 2027,0,1,0,4
2026-10-02,sondage présidentielle,0,1,0,10
2026-10-02,sondage présidentielle 2027,1,12,0.08333333333333333,13
2026-10-02,sondage présidentielle 2027 second tour wikipédia,0,1,0,20
2026-10-02,sondage présidentielle 2027 édouard philippe,0,1,0,40
2026-10-02,sondage présidentielles 2027,0,3,0,19
2026-10-02,sondage verian,1,1,1,2
2026-10-02,sondages,0,2,0,8.5
2026-10-02,sondages 2027,0,5,0,11.4
2026-10-02,sondages harris interactive,0,1,0,50
2026-10-02,sondages marine le pen,0,1,0,81
2026-10-02,sondages melenchon,0,1,0,48
2026-10-02,sondages presidentielle 2027,0,2,0,26.5
2026-10-02,sondages présidentielle 2027,0,2,0,38.5
2026-10-02,sondages présidentielles 2027,0,4,0,22.25
2026-10-02,sondages élection présidentielle 2027,0,1,0,27
2026-10-03,dernier sondage présidentielle 2027,0,1,0,50
2026-10-03,edouard philippe sondage,0,1,0,16
2026-10-03,exporter les données du sondage,0,1,0,64
2026-10-03,institut de sondage,0,1,0,59
2026-10-03,institut de sondage liste,0,1,0,83
2026-10-03,institut sondage,0,1,0,72
2026-10-03,jean luc mélenchon sondage,0,1,0,62
2026-10-03,marine le pen sondage,0,1,0,80
2026-10-03,opinionway sondage,0,1,0,55
2026-10-03,opinionway sondages,0,1,0,54
2026-10-03,présidentielles 2027 sondages,0,1,0,10
2026-10-03,raphaël glucksmann sondage,0,1,0,27
2026-10-03,résultat présidentielle 2002,0,2,0,5
2026-10-03,sondage 2027,0,2,0,24.5
2026-10-03,sondage 86,0,1,0,48
2026-10-03,sondage edouard philippe,0,2,0,26
2026-10-03,sondage institut,0,1,0,73
2026-10-03,sondage marine le pen,0,1,0,84
2026-10-03,sondage presidentielles 2027,0,1,0,37
2026-10-03,sondage présidentielle 2017,0,1,0,47
2026-10-03,sondage présidentielle 2027,0,2,0,22.5
2026-10-03,sondage présidentielle 2027 second tour wikipédia,0,1,0,7
2026-10-03,sondage présidentielles 2017,0,1,0,47
2026-10-03,sondage second tour mélenchon le pen,0,1,0,14
2026-10-03,sondages 2027,0,1,0,21
2026-10-03,sondages jean luc mélenchon,0,1,0,41
2026-10-03,sondages presidentielles 2027,0,1,0,21
2026-10-03,sondages présidentielle 2017,0,1,0,39
2026-10-03,sondages présidentielles 2017,0,1,0,39
2026-10-03,sondages présidentielles 2022,0,1,0,39
2026-10-03,sondages présidentielles 2027,0,10,0,23.8
2026-10-03,sondax,1,1,1,2
2026-10-03,élection présidentielle 2002 2ème tour,0,1,0,73
