date,clicks,impressions,ctr,position
2026-09-14,1,4,0.25,22
2026-09-15,0,1,0,72
2026-09-16,0,3,0,40.666666666666664
2026-09-17,0,2,0,26.5
2026-09-18,0,2,0,1.5
2026-09-19,0,2,0,1
2026-09-20,0,1,0,30
2026-09-21,6,26,0.23076923076923078,8.961538461538462
2026-09-22,5,76,0.06578947368421052,13.618421052631579
2026-09-23,7,60,0.11666666666666667,11.033333333333333
2026-09-24,8,101,0.07920792079207921,15.613861386138614
2026-09-25,6,144,0.041666666666666664,10.256944444444445
2026-09-26,1,142,0.007042253521126761,8.45774647887324
2026-09-27,3,111,0.02702702702702703,9.477477477477477
2026-09-28,4,95,0.042105263157894736,14.410526315789474
2026-09-29,7,108,0.06481481481481481,15.592592592592593
